"NOIND","PERIODE","SISA_CUTI"
"0000002","2016","5"
"0000007","2016","6"
"0000008","2016","0"
"0000013","2016","2"
"0000014","2016","3"
"0000016","2016","1"
"0000017","2016","4"
"0000018","2016","9"
"0000020","2016","6"
"0000022","2016","3"
"0000023","2016","3"
"0000025","2016","0"
"0000030","2016","1"
"0000031","2016","1"
"0000032","2016","0"
"0000033","2016","4"
"0000034","2016","2"
"0000035","2016","4"
"0000037","2016","1"
"0000038","2016","1"
"0000039","2016","0"
"0000040","2016","1"
"0000041","2016","0"
"0000042","2016","6"
"0000044","2016","1"
"0000046","2016","1"
"0000047","2016","1"
"0000048","2016","2"
"0000049","2016","2"
"0000050","2016","3"
"0000051","2016","3"
"0000052","2016","0"
"0000053","2016","8"
"0000055","2016","2"
"0000056","2016","6"
"0000057","2016","5"
"0000060","2016","0"
"0000061","2016","0"
"0000062","2016","1"
"0000063","2016","5"
"0000064","2016","1"
"0000066","2016","5"
"0000068","2016","0"
"0000070","2016","4"
"0000071","2016","9"
"0000072","2016","1"
"0000073","2016","1"
"0000074","2016","5"
"0000075","2016","4"
"0000076","2016","3"
"0000077","2016","0"
"0000078","2016","3"
"0000079","2016","0"
"0000080","2016","4"
"0000081","2016","0"
"0000082","2016","2"
"0000083","2016","6"
"0000084","2016","1"
"0000086","2016","4"
"0000087","2016","2"
"0000089","2016","2"
"0000090","2016","2"
"0000091","2016","3"
"0000092","2016","3"
"0000093","2016","0"
"0000094","2016","10"
"0000095","2016","7"
"0000096","2016","0"
"0000097","2016","2"
"0000098","2016","2"
"0000099","2016","1"
"0000100","2016","4"
"0000101","2016","0"
"0000102","2016","2"
"0000103","2016","1"
"0000104","2016","4"
"0000105","2016","8"
"0000106","2016","5"
"0000107","2016","1"
"0000108","2016","3"
"0000109","2016","6"
"0000110","2016","1"
"0000111","2016","0"
"0000112","2016","5"
"0000113","2016","6"
"0000114","2016","0"
"0000115","2016","0"
"0000116","2016","0"
"0000117","2016","8"
"0000118","2016","1"
"0000119","2016","1"
"0000120","2016","0"
"0000121","2016","2"
"0000122","2016","2"
"0000123","2016","8"
"0000124","2016","5"
"0000125","2016","0"
"0000126","2016","1"
"0000127","2016","2"
"0000128","2016","0"
"0000129","2016","8"
"0000130","2016","7"
"0000131","2016","4"
"0000132","2016","7"
"0000133","2016","1"
"0000134","2016","6"
"0000135","2016","5"
"0000136","2016","0"
"0000137","2016","3"
"0000138","2016","4"
"0000139","2016","0"
"0000140","2016","0"
"0000141","2016","3"
"0000142","2016","6"
"0000143","2016","3"
"0000144","2016","0"
"0000145","2016","6"
"0000146","2016","2"
"0000147","2016","1"
"0000148","2016","5"
"0000149","2016","0"
"0000150","2016","0"
"0000151","2016","2"
"0000152","2016","0"
"0000153","2016","0"
"0000154","2016","8"
"0000155","2016","3"
"0000156","2016","5"
"0000157","2016","0"
"0000158","2016","9"
"0000159","2016","8"
"0000160","2016","8"
"0000161","2016","5"
"0000162","2016","5"
"0000163","2016","0"
"0000164","2016","0"
"0000165","2016","7"
"0000166","2016","2"
"0000167","2016","2"
"0000168","2016","0"
"0000169","2016","0"
"0000170","2016","2"
"0000171","2016","4"
"0000172","2016","5"
"0000173","2016","1"
"0000175","2016","1"
"0000177","2016","2"
"0000178","2016","0"
"0000179","2016","0"
"0000181","2016","1"
"0000182","2016","-1"
"0000183","2016","0"
"0000184","2016","4"
"0000185","2016","0"
"0000186","2016","0"
"0000187","2016","2"
"0000188","2016","4"
"0000189","2016","2"
"0000190","2016","9"
"0000191","2016","2"
"0000192","2016","2"
"0000194","2016","0"
"0000195","2016","0"
"0000197","2016","5"
"0000198","2016","5"
"0000199","2016","1"
"0000200","2016","5"
"0000201","2016","0"
"0000202","2016","3"
"0000203","2016","0"
"0000204","2016","2"
"0000206","2016","5"
"0000207","2016","6"
"0000209","2016","0"
"0000210","2016","0"
"0000211","2016","8"
"0000212","2016","0"
"0000213","2016","0"
"0000214","2016","7"
"0000215","2016","0"
"0000216","2016","5"
"0000217","2016","6"
"0000218","2016","0"
"0000219","2016","1"
"0000220","2016","7"
"0000221","2016","2"
"0000222","2016","2"
"0000223","2016","5"
"0000224","2016","2"
"0000225","2016","1"
"0000226","2016","0"
"0000227","2016","2"
"0000228","2016","5"
"0000230","2016","8"
"0000231","2016","2"
"0000232","2016","3"
"0000233","2016","0"
"0000234","2016","4"
"0000235","2016","0"
"0000236","2016","3"
"0000237","2016","1"
"0000239","2016","0"
"0000240","2016","0"
"0000241","2016","6"
"0000242","2016","1"
"0000244","2016","0"
"0000245","2016","1"
"0000246","2016","5"
"0000247","2016","7"
"0000248","2016","3"
"0000249","2016","1"
"0000250","2016","4"
"0000251","2016","9"
"0000252","2016","0"
"0000253","2016","0"
"0000254","2016","4"
"0000255","2016","3"
"0000256","2016","1"
"0000257","2016","6"
"0000258","2016","0"
"0000259","2016","3"
"0000260","2016","1"
"0000261","2016","1"
"0000262","2016","4"
"0000263","2016","0"
"0000264","2016","0"
"0000265","2016","1"
"0000266","2016","1"
"0000267","2016","3"
"0000268","2016","0"
"0000269","2016","4"
"0000270","2016","0"
"0000271","2016","5"
"0000272","2016","8"
"0000274","2016","0"
"0000275","2016","8"
"0000276","2016","0"
"0000277","2016","1"
"0000278","2016","6"
"0000279","2016","1"
"0000280","2016","2"
"0000281","2016","4"
"0000283","2016","1"
"0000284","2016","4"
"0000285","2016","3"
"0000286","2016","4"
"0000287","2016","0"
"0000288","2016","0"
"0000289","2016","0"
"0000290","2016","0"
"0000291","2016","6"
"0000293","2016","2"
"0000294","2016","5"
"0000295","2016","0"
"0000296","2016","3"
"0000297","2016","0"
"0000298","2016","1"
"0000299","2016","0"
"0000300","2016","3"
"0000301","2016","2"
"0000302","2016","0"
"0000303","2016","2"
"0000304","2016","2"
"0000305","2016","5"
"0000306","2016","1"
"0000308","2016","1"
"0000309","2016","4"
"0000310","2016","0"
"0000311","2016","3"
"0000312","2016","2"
"0000313","2016","1"
"0000314","2016","1"
"0000315","2016","0"
"0000316","2016","1"
"0000317","2016","4"
"0000318","2016","5"
"0000319","2016","2"
"0000321","2016","1"
"0000322","2016","4"
"0000323","2016","0"
"0000324","2016","7"
"0000325","2016","3"
"0000326","2016","4"
"0000327","2016","0"
"0000328","2016","0"
"0000329","2016","0"
"0000330","2016","0"
"0000331","2016","2"
"0000332","2016","1"
"0000333","2016","2"
"0000334","2016","0"
"0000335","2016","5"
"0000336","2016","0"
"0000337","2016","1"
"0000338","2016","2"
"0000339","2016","1"
"0000340","2016","0"
"0000341","2016","2"
"0000342","2016","6"
"0000344","2016","0"
"0000345","2016","4"
"0000346","2016","8"
"0000347","2016","6"
"0000348","2016","1"
"0000349","2016","1"
"0000350","2016","1"
"0000351","2016","0"
"0000352","2016","5"
"0000353","2016","2"
"0000354","2016","1"
"0000355","2016","2"
"0000356","2016","3"
"0000357","2016","5"
"0000358","2016","1"
"0000359","2016","5"
"0000360","2016","0"
"0000361","2016","3"
"0000362","2016","0"
"0000363","2016","0"
"0000364","2016","6"
"0000365","2016","5"
"0000366","2016","3"
"0000367","2016","1"
"0000368","2016","6"
"0000369","2016","0"
"0000370","2016","3"
"0000371","2016","2"
"0000372","2016","8"
"0000373","2016","0"
"0000374","2016","6"
"0000375","2016","1"
"0000377","2016","0"
"0000378","2016","2"
"0000379","2016","1"
"0000380","2016","0"
"0000381","2016","2"
"0000382","2016","0"
"0000383","2016","0"
"0000384","2016","6"
"0000385","2016","1"
"0000386","2016","4"
"0000387","2016","10"
"0000388","2016","1"
"0000389","2016","2"
"0000390","2016","3"
"0000391","2016","2"
"0000392","2016","4"
"0000393","2016","2"
"0000394","2016","2"
"0000395","2016","0"
"0000396","2016","0"
"0000397","2016","0"
"0000398","2016","2"
"0000399","2016","9"
"0000400","2016","9"
"0000401","2016","0"
"0000402","2016","10"
"0000403","2016","1"
"0000404","2016","10"
"0000405","2016","0"
"0000406","2016","7"
"0000408","2016","0"
"0000409","2016","7"
"0000410","2016","3"
"0000411","2016","5"
"0000412","2016","2"
"0000413","2016","3"
"0000414","2016","0"
"0000415","2016","6"
"0000416","2016","10"
"0000417","2016","6"
"0000418","2016","10"
"0000419","2016","6"
"0000420","2016","0"
"0000421","2016","6"
"0000422","2016","2"
"0000423","2016","3"
"0000424","2016","4"
"0000425","2016","1"
"0000426","2016","1"
"0000428","2016","3"
"0000429","2016","3"
"0000430","2016","0"
"0000431","2016","0"
"0000432","2016","8"
"0000433","2016","0"
"0000434","2016","2"
"0000435","2016","0"
"0000436","2016","5"
"0000437","2016","6"
"0000438","2016","1"
"0000440","2016","8"
"0000441","2016","0"
"0000442","2016","2"
"0000443","2016","0"
"0000444","2016","3"
"0000445","2016","1"
"0000446","2016","8"
"0000447","2016","1"
"0000449","2016","0"
"0000450","2016","0"
"0000451","2016","2"
"0000452","2016","0"
"0000454","2016","2"
"0000455","2016","0"
"0000456","2016","0"
"0000457","2016","7"
"0000458","2016","0"
"0000460","2016","1"
"0000461","2016","3"
"0000462","2016","7"
"0000463","2016","3"
"0000464","2016","8"
"0000465","2016","1"
"0000466","2016","0"
"0000467","2016","1"
"0000468","2016","0"
"0000469","2016","0"
"0000470","2016","5"
"0000473","2016","1"
"0000474","2016","1"
"0000475","2016","1"
"0000476","2016","0"
"0000477","2016","3"
"0000478","2016","2"
"0000479","2016","0"
"0000480","2016","4"
"0000483","2016","4"
"0000485","2016","3"
"0000486","2016","0"
"0000487","2016","0"
"0000489","2016","3"
"0000490","2016","0"
"0000491","2016","3"
"0000492","2016","0"
"0000494","2016","3"
"0000496","2016","1"
"0000497","2016","0"
"0000498","2016","3"
"0000499","2016","0"
"0000500","2016","0"
"0000501","2016","0"
"0000502","2016","9"
"0000503","2016","5"
"0000504","2016","7"
"0000505","2016","0"
"0000506","2016","0"
"0000510","2016","4"
"0000511","2016","0"
"0000513","2016","2"
"0000514","2016","0"
"0000515","2016","3"
"0000516","2016","7"
"0000517","2016","4"
"0000518","2016","0"
"0000519","2016","1"
"0000520","2016","1"
"0000522","2016","0"
"0000526","2016","0"
"0000527","2016","0"
"0000528","2016","4"
"0000529","2016","0"
"0000530","2016","2"
"0000531","2016","3"
"0000532","2016","1"
"0000533","2016","0"
"0000536","2016","3"
"0000541","2016","0"
"0000542","2016","7"
"0000543","2016","8"
"0000544","2016","0"
"0000545","2016","0"
"0000546","2016","2"
"0000547","2016","0"
"0000548","2016","2"
"0000551","2016","1"
"0000558","2016","2"
"0000560","2016","7"
"0000564","2016","1"
"0000573","2016","2"
"0000574","2016","0"
"0000575","2016","2"
"0000586","2016","0"
"0000587","2016","10"
"0000678","2016","7"
"0000686","2016","4"
"0000688","2016","1"
"0000707","2016","10"
"0000708","2016","8"
"0000715","2016","10"
"0000762","2016","2"
"0000763","2016","0"
"0000773","2016","5"
"0000781","2016","4"
"0000785","2016","4"
"0000797","2016","8"
"0000852","2016","0"
"0000854","2016","1"
"0000967","2016","0"
"0000968","2016","2"
"0000969","2016","2"
"0000970","2016","1"
"0000971","2016","2"
"0000973","2016","0"
"0000996","2016","0"
"0001008","2016","2"
"0001026","2016","5"
"0001027","2016","0"
"0001035","2016","10"
"0001036","2016","8"
"0001039","2016","10"
"0001049","2016","10"
"0001060","2016","1"
"0001104","2016","3"
"0001107","2016","2"
"0001238","2016","8"
"0001239","2016","0"
"0001266","2016","2"
"0001305","2016","3"
"0001333","2016","1"
"0001339","2016","10"
"0001355","2016","8"
"0001395","2016","0"
"0001420","2016","0"
"0001459","2016","4"
"0001526","2016","4"
"0001584","2016","1"
"0001619","2016","9"
"0001636","2016","1"
"0001662","2016","1"
"0001663","2016","0"
"0001664","2016","0"
"0001665","2016","0"
"0001666","2016","1"
"0001667","2016","0"
"0001668","2016","1"
"0001671","2016","0"
"0001681","2016","2"
"0001683","2016","0"
"0001695","2016","0"
"0001729","2016","0"
"0001730","2016","4"
"0001740","2016","1"
"0001881","2016","0"
"0001893","2016","3"
"0001948","2016","3"
"0001962","2016","4"
"0001968","2016","4"
"0001970","2016","6"
"0001987","2016","6"
"0002016","2016","2"
"0002021","2016","4"
"0002029","2016","4"
"0002036","2016","5"
"0002119","2016","1"
"0002124","2016","1"
"0002127","2016","3"
"0002138","2016","0"
"0002139","2016","0"
"0002140","2016","0"
"0002141","2016","0"
"0002142","2016","0"
"0002143","2016","0"
"0002161","2016","1"
"0002162","2016","6"
"0002169","2016","0"
"0002171","2016","5"
"0002172","2016","4"
"0002175","2016","0"
"0002178","2016","2"
"0002179","2016","0"
"0002183","2016","1"
"0002188","2016","0"
"0002189","2016","0"
"0002196","2016","2"
"0002198","2016","0"
"0002206","2016","0"
"0002207","2016","0"
"0002208","2016","3"
"0002209","2016","0"
"0002210","2016","2"
"0002211","2016","1"
"0002213","2016","8"
"0002214","2016","6"
"0002216","2016","0"
"0002217","2016","0"
"0002221","2016","2"
"0002223","2016","1"
"0002224","2016","0"
"0002226","2016","4"
"0002227","2016","0"
"0002231","2016","1"
"0002234","2016","1"
"0002242","2016","0"
"0002246","2016","1"
"0002253","2016","3"
"0002254","2016","6"
"0002256","2016","5"
"0002261","2016","4"
"0002262","2016","2"
"0002263","2016","0"
"0002267","2016","0"
"0002269","2016","1"
"0002271","2016","0"
"0002272","2016","2"
"0002276","2016","0"
"0002278","2016","5"
"0002280","2016","6"
"0002287","2016","4"
"0002288","2016","0"
"0002290","2016","0"
"0002291","2016","4"
"0002293","2016","0"
"0002297","2016","0"
"0002298","2016","0"
"0002300","2016","7"
"0002302","2016","1"
"0002304","2016","3"
"0002305","2016","1"
"0002307","2016","1"
"0002308","2016","9"
"0002309","2016","0"
"0002310","2016","4"
"0002311","2016","1"
"0002312","2016","5"
"0002315","2016","2"
"0002317","2016","0"
"0002323","2016","5"
"0002327","2016","0"
"0002329","2016","7"
"0002330","2016","2"
"0002331","2016","1"
"0002333","2016","0"
"0002335","2016","1"
"0002336","2016","0"
"0002337","2016","0"
"0002342","2016","4"
"0002343","2016","0"
"0002346","2016","0"
"0002348","2016","2"
"0002350","2016","4"
"0002352","2016","0"
"0002354","2016","1"
"0002356","2016","4"
"0002357","2016","3"
"0002358","2016","0"
"0002361","2016","0"
"0002362","2016","0"
"0002363","2016","1"
"0002364","2016","2"
"0002368","2016","3"
"0002369","2016","0"
"0002370","2016","0"
"0002373","2016","0"
"0002375","2016","0"
"0002376","2016","0"
"0002377","2016","5"
"0002378","2016","5"
"0002379","2016","1"
"0002381","2016","1"
"0002384","2016","5"
"0002386","2016","2"
"0002387","2016","9"
"0002390","2016","1"
"0002391","2016","4"
"0002392","2016","0"
"0002393","2016","1"
"0002394","2016","6"
"0002395","2016","0"
"0002396","2016","0"
"0002398","2016","6"
"0002401","2016","0"
"0002402","2016","0"
"0002405","2016","3"
"0002406","2016","2"
"0002408","2016","4"
"0002414","2016","10"
"0002417","2016","3"
"0002423","2016","7"
"0002425","2016","1"
"0002426","2016","0"
"0002427","2016","2"
"0002433","2016","9"
"0002437","2016","0"
"0002438","2016","1"
"0002447","2016","2"
"0002448","2016","1"
"0002451","2016","1"
"0002452","2016","3"
"0002454","2016","0"
"0002458","2016","5"
"0002466","2016","0"
"0002469","2016","0"
"0002470","2016","0"
"0002473","2016","5"
"0002475","2016","6"
"0002476","2016","6"
"0002480","2016","4"
"0002493","2016","4"
"0002495","2016","5"
"0002496","2016","4"
"0002497","2016","3"
"0002499","2016","3"
"0002505","2016","2"
"0002506","2016","0"
"0002508","2016","0"
"0002510","2016","3"
"0002511","2016","0"
"0002512","2016","4"
"0002520","2016","9"
"0002527","2016","6"
"0002529","2016","1"
"0002531","2016","2"
"0002534","2016","6"
"0002540","2016","2"
"0002545","2016","3"
"0002546","2016","4"
"0002549","2016","1"
"0002553","2016","9"
"0002555","2016","3"
"0002556","2016","4"
"0002559","2016","2"
"0002562","2016","10"
"0002564","2016","10"
"0002570","2016","0"
"0002572","2016","0"
"0002573","2016","10"
"0002577","2016","0"
"0002578","2016","0"
"0002586","2016","3"
"0002589","2016","0"
"0002594","2016","7"
"0002595","2016","4"
"0002600","2016","0"
"0002602","2016","0"
"0002603","2016","0"
"0002604","2016","0"
"0002614","2016","1"
"0002615","2016","7"
"0002619","2016","5"
"0002620","2016","1"
"0002623","2016","2"
"0002624","2016","4"
"0002625","2016","4"
"0002626","2016","3"
"0002627","2016","7"
"0002629","2016","1"
"0002630","2016","2"
"0002632","2016","5"
"0002633","2016","7"
"0002640","2016","0"
"0002641","2016","1"
"0002643","2016","2"
"0002644","2016","2"
"0002645","2016","0"
"0002646","2016","2"
"0002647","2016","0"
"0002651","2016","5"
"0002652","2016","0"
"0002654","2016","3"
"0002655","2016","0"
"0002656","2016","0"
"0002660","2016","0"
"0002662","2016","0"
"0002663","2016","0"
"0002664","2016","1"
"0002665","2016","5"
"0002666","2016","0"
"0002668","2016","6"
"0002669","2016","7"
"0002671","2016","3"
"0002672","2016","3"
"0002673","2016","0"
"0002676","2016","1"
"0002678","2016","3"
"0002679","2016","0"
"0002681","2016","1"
"0002682","2016","5"
"0002687","2016","10"
"0002693","2016","2"
"0002694","2016","2"
"0002695","2016","2"
"0002699","2016","0"
"0002700","2016","0"
"0002702","2016","1"
"0002706","2016","0"
"0002709","2016","4"
"0002710","2016","5"
"0002711","2016","6"
"0002712","2016","0"
"0002713","2016","3"
"0002714","2016","2"
"0002715","2016","0"
"0002720","2016","3"
"0002721","2016","5"
"0002723","2016","2"
"0002725","2016","0"
"0002728","2016","2"
"0002731","2016","4"
"0002732","2016","6"
"0002733","2016","0"
"0002739","2016","7"
"0002741","2016","0"
"0002743","2016","8"
"0002747","2016","10"
"0002750","2016","0"
"0002751","2016","3"
"0002757","2016","0"
"0002759","2016","4"
"0002761","2016","2"
"0002764","2016","0"
"0002771","2016","0"
"0002776","2016","9"
"0002783","2016","7"
"0002790","2016","3"
"0002791","2016","1"
"0002798","2016","3"
"0002799","2016","0"
"0002800","2016","9"
"0002801","2016","7"
"0002802","2016","9"
"0002803","2016","0"
"0002805","2016","2"
"0002809","2016","2"
"0002810","2016","4"
"0002811","2016","3"
"0002812","2016","3"
"0002813","2016","1"
"0002816","2016","7"
"0002819","2016","0"
"0002820","2016","5"
"0002823","2016","1"
"0002825","2016","0"
"0002828","2016","0"
"0002829","2016","9"
"0002830","2016","0"
"0002832","2016","2"
"0002839","2016","8"
"0002842","2016","3"
"0002850","2016","4"
"0002852","2016","1"
"0002853","2016","0"
"0002855","2016","6"
"0002856","2016","3"
"0002857","2016","10"
"0002884","2016","6"
"0002885","2016","5"
"0002886","2016","1"
"0002890","2016","5"
"0002895","2016","3"
"0002896","2016","2"
"0002899","2016","2"
"0002900","2016","2"
"0002901","2016","0"
"0002903","2016","0"
"0002905","2016","1"
"0002906","2016","1"
"0002908","2016","5"
"0002910","2016","3"
"0002912","2016","9"
"0002913","2016","4"
"0002946","2016","1"
"0002947","2016","0"
"0002949","2016","2"
"0002953","2016","7"
"0002955","2016","4"
"0002959","2016","0"
"0002963","2016","4"
"0002966","2016","3"
"0002967","2016","7"
"0002969","2016","1"
"0002972","2016","2"
"0002978","2016","2"
"0002983","2016","4"
"0002986","2016","1"
"0002987","2016","0"
"0002988","2016","3"
"0002989","2016","0"
"0002991","2016","2"
"0003007","2016","5"
"0003035","2016","1"
"0003057","2016","7"
"0003059","2016","3"
"0003060","2016","0"
"0003062","2016","6"
"0003064","2016","10"
"0003081","2016","0"
"0003085","2016","6"
"0003087","2016","2"
"0003088","2016","2"
"0003090","2016","2"
"0003092","2016","4"
"0003097","2016","0"
"0003099","2016","1"
"0003100","2016","1"
"0003102","2016","4"
"0003103","2016","10"
"0003108","2016","0"
"0003109","2016","1"
"0003139","2016","1"
"0003140","2016","0"
"0003143","2016","5"
"0003147","2016","0"
"0003148","2016","2"
"0003154","2016","4"
"0003159","2016","4"
"0003160","2016","3"
"0003161","2016","2"
"0003163","2016","0"
"0003166","2016","5"
"0003170","2016","2"
"0003187","2016","2"
"0003198","2016","8"
"0003200","2016","6"
"0003201","2016","10"
"0003202","2016","5"
"0003203","2016","7"
"0003204","2016","1"
"0003206","2016","6"
"0003213","2016","0"
"0003214","2016","2"
"0003215","2016","1"
"0003224","2016","0"
"0003226","2016","0"
"0003228","2016","4"
"0003263","2016","0"
"0003266","2016","5"
"0003268","2016","8"
"0003272","2016","6"
"0003275","2016","1"
"0003277","2016","0"
"0003280","2016","7"
"0003285","2016","7"
"0003286","2016","4"
"0003292","2016","1"
"0003293","2016","2"
"0003296","2016","9"
"0003310","2016","0"
"0003311","2016","1"
"0003317","2016","0"
"0003318","2016","4"
"0003319","2016","1"
"0003322","2016","2"
"0003327","2016","4"
"0003333","2016","4"
"0003334","2016","2"
"0003336","2016","2"
"0003341","2016","3"
"0003342","2016","0"
"0003343","2016","2"
"0003380","2016","5"
"0003382","2016","5"
"0003384","2016","1"
"0003385","2016","5"
"0003386","2016","1"
"0003387","2016","5"
"0003391","2016","1"
"0003396","2016","0"
"0003397","2016","0"
"0003399","2016","2"
"0003400","2016","0"
"0003401","2016","0"
"0003404","2016","5"
"0003405","2016","5"
"0003410","2016","4"
"0003411","2016","2"
"0003418","2016","0"
"0003419","2016","3"
"0003429","2016","0"
"0003431","2016","1"
"0003434","2016","8"
"0003436","2016","0"
"0003443","2016","0"
"0003444","2016","2"
"0003447","2016","6"
"0003448","2016","5"
"0003452","2016","0"
"0003453","2016","0"
"0003456","2016","3"
"0003457","2016","3"
"0003460","2016","2"
"0003470","2016","0"
"0003471","2016","1"
"0003472","2016","1"
"0003473","2016","0"
"0003476","2016","0"
"0003481","2016","1"
"0003482","2016","1"
"0003484","2016","2"
"0003485","2016","2"
"0003488","2016","6"
"0003489","2016","4"
"0003491","2016","0"
"0003495","2016","1"
"0003497","2016","0"
"0003498","2016","1"
"0003499","2016","0"
"0003507","2016","7"
"0003511","2016","8"
"0003513","2016","2"
"0003522","2016","6"
"0003526","2016","1"
"0003528","2016","2"
"0003529","2016","4"
"0003530","2016","3"
"0003531","2016","2"
"0003533","2016","1"
"0003535","2016","1"
"0003536","2016","1"
"0003538","2016","4"
"0003539","2016","2"
"0003541","2016","5"
"0003543","2016","0"
"0003546","2016","10"
"0003551","2016","0"
"0003554","2016","2"
"0003557","2016","0"
"0003558","2016","1"
"0003559","2016","5"
"0003560","2016","5"
"0003564","2016","3"
"0003565","2016","4"
"0003566","2016","0"
"0003567","2016","2"
"0003568","2016","1"
"0003569","2016","1"
"0003570","2016","4"
"0003572","2016","0"
"0003574","2016","10"
"0003575","2016","10"
"0003578","2016","1"
"0003579","2016","2"
"0003580","2016","0"
"0003581","2016","0"
"0003583","2016","1"
"0003584","2016","0"
"0003586","2016","4"
"0003587","2016","1"
"0003588","2016","7"
"0003595","2016","2"
"0003596","2016","5"
"0003598","2016","3"
"0003599","2016","0"
"0003600","2016","3"
"0003601","2016","2"
"0003608","2016","3"
"0003610","2016","0"
"0003614","2016","2"
"0003615","2016","4"
"0003623","2016","1"
"0003625","2016","0"
"0003627","2016","3"
"0003629","2016","4"
"0003638","2016","4"
"0003639","2016","0"
"0003642","2016","6"
"0003643","2016","3"
"0003644","2016","1"
"0003646","2016","2"
"0003647","2016","2"
"0003656","2016","4"
"0003657","2016","3"
"0003663","2016","1"
"0003670","2016","4"
"0003672","2016","2"
"0003673","2016","2"
"0003677","2016","1"
"0003679","2016","4"
"0003680","2016","5"
"0003681","2016","4"
"0003684","2016","4"
"0003694","2016","0"
"0003700","2016","4"
"0003701","2016","1"
"0003705","2016","5"
"0003706","2016","6"
"0003707","2016","4"
"0003711","2016","2"
"0003714","2016","3"
"0003716","2016","1"
"0003717","2016","4"
"0003721","2016","0"
"0003724","2016","1"
"0003725","2016","3"
"0003726","2016","3"
"0003727","2016","1"
"0003728","2016","1"
"0003729","2016","0"
"0003746","2016","0"
"0003752","2016","1"
"0003753","2016","10"
"0003754","2016","10"
"0003755","2016","10"
"0003756","2016","10"
"0003757","2016","10"
"0003758","2016","10"
"0003759","2016","10"
"0003761","2016","10"
"0003776","2016","4"
"0003778","2016","1"
"0003779","2016","0"
"0003781","2016","1"
"0003782","2016","0"
"0003784","2016","0"
"0003789","2016","3"
"0003792","2016","2"
"0003793","2016","2"
"0003796","2016","0"
"0003797","2016","3"
"0003798","2016","0"
"0003799","2016","0"
"0003801","2016","2"
"0003802","2016","1"
"0003803","2016","4"
"0003804","2016","4"
"0003805","2016","2"
"0003810","2016","4"
"0003815","2016","1"
"0003819","2016","0"
"0003820","2016","0"
"0003822","2016","2"
"0003823","2016","2"
"0003830","2016","2"
"0003837","2016","0"
"0003838","2016","3"
"0003843","2016","1"
"0003862","2016","6"
"0003863","2016","0"
"0003864","2016","2"
"0003874","2016","5"
"0003875","2016","2"
"0003921","2016","2"
"0003922","2016","5"
"0003923","2016","2"
"0003924","2016","2"
"0003926","2016","5"
"0003929","2016","3"
"0003933","2016","2"
"0003934","2016","1"
"0003935","2016","1"
"0003940","2016","2"
"0003944","2016","4"
"0003946","2016","1"
"0003947","2016","3"
"0003949","2016","0"
"0003952","2016","3"
"0003953","2016","4"
"0003954","2016","0"
"0003955","2016","1"
"0003957","2016","2"
"0003962","2016","3"
"0003966","2016","2"
"0003969","2016","1"
"0003971","2016","0"
"0003972","2016","0"
"0003973","2016","4"
"0003974","2016","0"
"0003975","2016","0"
"0003977","2016","5"
"0003982","2016","6"
"0003983","2016","1"
"0003984","2016","1"
"0004002","2016","6"
"0004003","2016","5"
"0004004","2016","0"
"0004006","2016","0"
"0004009","2016","0"
"0004017","2016","3"
"0004018","2016","6"
"0004019","2016","1"
"0004020","2016","4"
"0004021","2016","4"
"0004022","2016","0"
"0004023","2016","1"
"0004026","2016","0"
"0004027","2016","0"
"0004028","2016","0"
"0004029","2016","1"
"0004032","2016","2"
"0004033","2016","2"
"0004034","2016","2"
"0004040","2016","0"
"0004042","2016","1"
"0004044","2016","6"
"0004045","2016","4"
"0004046","2016","3"
"0004047","2016","3"
"0004048","2016","0"
"0004049","2016","3"
"0004050","2016","0"
"0004051","2016","4"
"0004052","2016","3"
"0004053","2016","4"
"0004054","2016","3"
"0004056","2016","0"
"0004057","2016","0"
"0004058","2016","5"
"0004059","2016","2"
"0004060","2016","4"
"0004063","2016","2"
"0004064","2016","0"
"0004065","2016","3"
"0004067","2016","2"
"0004068","2016","1"
"0004069","2016","4"
"0004072","2016","2"
"0004073","2016","2"
"0004075","2016","2"
"0004077","2016","4"
"0004079","2016","0"
"0004080","2016","1"
"0004083","2016","3"
"0004084","2016","6"
"0004085","2016","1"
"0004089","2016","0"
"0004090","2016","0"
"0004092","2016","0"
"0004093","2016","0"
"0004098","2016","1"
"0004099","2016","4"
"0004100","2016","0"
"0004101","2016","4"
"0004102","2016","1"
"0004105","2016","1"
"0004106","2016","0"
"0004108","2016","3"
"0004109","2016","0"
"0004110","2016","0"
"0004111","2016","0"
"0004112","2016","0"
"0004113","2016","1"
"0004114","2016","0"
"0004115","2016","1"
"0004116","2016","0"
"0004117","2016","2"
"0004119","2016","2"
"0004120","2016","5"
"0004121","2016","4"
"0004128","2016","3"
"0004130","2016","3"
"0004131","2016","5"
"0004134","2016","2"
"0004135","2016","0"
"0004137","2016","3"
"0004139","2016","2"
"0004140","2016","1"
"0004141","2016","0"
"0004143","2016","2"
"0004144","2016","2"
"0004146","2016","4"
"0004148","2016","4"
"0004151","2016","1"
"0004152","2016","0"
"0004153","2016","3"
"0004154","2016","1"
"0004156","2016","2"
"0004157","2016","2"
"0004158","2016","4"
"0004161","2016","0"
"0004162","2016","1"
"0004164","2016","4"
"0004166","2016","2"
"0004168","2016","2"
"0004169","2016","5"
"0004171","2016","5"
"0004172","2016","4"
"0004173","2016","3"
"0004175","2016","5"
"0004176","2016","2"
"0004177","2016","2"
"0004179","2016","2"
"0004180","2016","5"
"0004187","2016","0"
"0004188","2016","1"
"0004189","2016","3"
"0004190","2016","1"
"0004191","2016","0"
"0004193","2016","2"
"0004196","2016","1"
"0004197","2016","0"
"0004198","2016","3"
"0004199","2016","2"
"0004203","2016","2"
"0004204","2016","3"
"0004205","2016","3"
"0004206","2016","0"
"0004207","2016","3"
"0004210","2016","2"
"0004214","2016","1"
"0004215","2016","1"
"0004217","2016","6"
"0004221","2016","1"
"0004227","2016","0"
"0004228","2016","0"
"0004229","2016","0"
"0004231","2016","2"
"0004233","2016","1"
"0004234","2016","0"
"0004239","2016","3"
"0004241","2016","1"
"0004242","2016","1"
"0004244","2016","4"
"0004245","2016","4"
"0004248","2016","4"
"0004249","2016","3"
"0004250","2016","0"
"0004253","2016","1"
"0004254","2016","2"
"0004257","2016","0"
"0004258","2016","1"
"0004259","2016","1"
"0004262","2016","2"
"0004263","2016","2"
"0004266","2016","3"
"0004271","2016","0"
"0004272","2016","1"
"0004276","2016","3"
"0004277","2016","1"
"0004278","2016","5"
"0004279","2016","4"
"0004280","2016","3"
"0004282","2016","5"
"0004283","2016","1"
"0004288","2016","0"
"0004290","2016","0"
"0004291","2016","4"
"0004292","2016","4"
"0004293","2016","4"
"0004294","2016","3"
"0004295","2016","3"
"0004296","2016","0"
"0004299","2016","1"
"0004300","2016","4"
"0004301","2016","3"
"0004302","2016","4"
"0004303","2016","3"
"0004305","2016","1"
"0004306","2016","2"
"0004307","2016","1"
"0004308","2016","0"
"0004310","2016","0"
"0004311","2016","4"
"0004312","2016","0"
"0004314","2016","1"
"0004315","2016","0"
"0004317","2016","1"
"0004319","2016","4"
"0004363","2016","0"
"0004365","2016","0"
"0004366","2016","0"
"0004367","2016","0"
"0004368","2016","0"
"0004369","2016","0"
"0004370","2016","0"
"0004371","2016","0"
"0004375","2016","2"
"0004376","2016","2"
"0004377","2016","1"
"0004379","2016","0"
"0004381","2016","0"
"0004382","2016","3"
"0004383","2016","1"
"0004387","2016","0"
"0004388","2016","0"
"0004390","2016","2"
"0004398","2016","3"
"0004399","2016","3"
"0004400","2016","4"
"0004402","2016","3"
"0004406","2016","2"
"0004408","2016","0"
"0004409","2016","1"
"0004410","2016","1"
"0004412","2016","0"
"0004414","2016","0"
"0004415","2016","1"
"0004416","2016","0"
"0004419","2016","0"
"0004422","2016","1"
"0004425","2016","0"
"0004427","2016","1"
"0004428","2016","3"
"0004431","2016","0"
"0004434","2016","0"
"0004435","2016","0"
"0004436","2016","0"
"0004438","2016","0"
"0004441","2016","0"
"0004443","2016","2"
"0004468","2016","3"
"0004508","2016","0"
"0004578","2016","1"
"0004579","2016","0"
"0004580","2016","1"
"0004596","2016","2"
"0004612","2016","0"
"0004614","2016","0"
"0004616","2016","1"
"0004617","2016","2"
"0004618","2016","2"
"0004620","2016","0"
"0004621","2016","2"
"0004622","2016","2"
"0004623","2016","2"
"0004624","2016","2"
"0004625","2016","2"
"0004626","2016","2"
"0004627","2016","2"
"0004628","2016","1"
"0004631","2016","1"
"0004632","2016","2"
"0004633","2016","1"
"0004640","2016","2"
"0004641","2016","0"
"0004642","2016","2"
"0004643","2016","2"
"0004644","2016","2"
"0004645","2016","0"
"0004647","2016","0"
"0004649","2016","1"
"0004653","2016","2"
"0004657","2016","2"
"0004662","2016","0"
"0004664","2016","2"
"0004670","2016","1"
"0004671","2016","1"
"0004672","2016","1"
"0004673","2016","1"
"0004677","2016","0"
"0004679","2016","0"
"0004680","2016","1"
"0004682","2016","1"
"0004686","2016","0"
"0004687","2016","1"
"0004688","2016","1"
"0004689","2016","1"
"0004691","2016","1"
"0004692","2016","1"
"0004693","2016","1"
"0004694","2016","1"
"0004695","2016","0"
"0004696","2016","0"
"0004699","2016","0"
"0004701","2016","0"
"0004702","2016","0"
"0004705","2016","0"
"0004706","2016","0"
"0004708","2016","1"
"0004709","2016","0"
"0004710","2016","0"
"0004712","2016","1"
"0004713","2016","1"
"0004715","2016","1"
"0004717","2016","0"
"0004718","2016","0"
"0004720","2016","1"
"0004725","2016","1"
"0004727","2016","1"
"0004728","2016","0"
"0004729","2016","0"
"0004730","2016","1"
"0004738","2016","0"
"0004739","2016","0"
"0004741","2016","0"
"0004743","2016","1"
"0004745","2016","0"
"0004749","2016","1"
"0004750","2016","1"
"0004751","2016","1"
"0004752","2016","1"
"0004753","2016","1"
"0004754","2016","1"
"0004755","2016","1"
"0004756","2016","0"
"0004760","2016","1"
"0004762","2016","0"
"0004770","2016","1"
"0004773","2016","1"
"0004774","2016","1"
"0004775","2016","0"
"0004778","2016","1"
"0004780","2016","1"
"0004782","2016","1"
"0004783","2016","1"
"0004784","2016","1"
"0004788","2016","1"
"0004792","2016","0"
"0004798","2016","1"
"0004799","2016","1"
"0004803","2016","0"
"0004805","2016","1"
"0004806","2016","1"
"0004810","2016","1"
"0004811","2016","1"
"0004812","2016","1"
"0004813","2016","0"
"0004815","2016","0"
"0004816","2016","1"
"0004819","2016","1"
"0004822","2016","1"
"0004824","2016","0"
"0004826","2016","0"
"0004827","2016","1"
"0004831","2016","1"
"0004832","2016","1"
"0004835","2016","0"
"0004836","2016","0"
"0004837","2016","0"
"0004838","2016","0"
"0004839","2016","0"
"0004841","2016","2"
"0004842","2016","2"
"0004844","2016","0"
"0004845","2016","0"
"0004847","2016","0"
"0004849","2016","0"
"0004850","2016","0"
"0004854","2016","0"
"0004855","2016","0"
"0004859","2016","0"
"0004865","2016","0"
"0004866","2016","0"
"0004868","2016","0"
"0004873","2016","0"
"0004874","2016","0"
"0004875","2016","0"
"0004876","2016","0"
"0004879","2016","0"
"0004881","2016","0"
"0004882","2016","0"
"0004886","2016","0"
"0004888","2016","0"
"0004889","2016","0"
"0004890","2016","0"
"0004891","2016","0"
"0004895","2016","0"
"0004897","2016","0"
"0004900","2016","0"
"0004901","2016","0"
"0004904","2016","0"
"0004906","2016","0"
"0004908","2016","0"
"0004911","2016","0"
"0004915","2016","0"
"0004916","2016","0"
"0004919","2016","0"
"0004922","2016","0"
"0004924","2016","0"
"0004926","2016","0"
"0004929","2016","0"
"0004933","2016","0"
"0004937","2016","0"
"0004938","2016","0"
"0004940","2016","0"
"0004941","2016","0"
"0004942","2016","0"
"0004943","2016","0"
"0004944","2016","0"
"0004945","2016","0"
"0004947","2016","0"
"0004948","2016","0"
"0004949","2016","0"
"0004950","2016","0"
"0004951","2016","0"
"0004952","2016","0"
"0004953","2016","0"
"0004954","2016","0"
"0004955","2016","0"
"0004958","2016","0"
"0004961","2016","10"
"0004979","2016","0"
"0004981","2016","0"
"0004983","2016","0"
"0004984","2016","0"
"0004985","2016","0"
"0004986","2016","0"
"0004987","2016","0"
"0004989","2016","0"
"0004990","2016","0"
"0004993","2016","0"
"0004994","2016","0"
"0004996","2016","0"
"0004997","2016","0"
"0005012","2016","0"
"0005014","2016","0"
"0005017","2016","0"
"0005019","2016","0"
"0005020","2016","0"
"0005021","2016","0"
"0005022","2016","0"
"0005027","2016","0"
"0005028","2016","0"
"0005031","2016","0"
"0005032","2016","0"
"0005035","2016","0"
"0005039","2016","0"
"0005042","2016","0"
"0005043","2016","0"
"0005045","2016","0"
"0005048","2016","0"
"0005049","2016","0"
"0005050","2016","0"
"0005051","2016","0"
"0005054","2016","0"
"0005056","2016","0"
"0005057","2016","0"
"0005058","2016","0"
"0005059","2016","0"
"0005066","2016","0"
"0005068","2016","10"
"0005077","2016","0"
"0005085","2016","0"
"0005086","2016","0"
"0005088","2016","0"
"0005098","2016","0"
"0005099","2016","0"
"0005101","2016","0"
"0005102","2016","0"
"0005104","2016","0"
"0005107","2016","0"
"0005109","2016","0"
"0005110","2016","0"
"0005112","2016","0"
"0005114","2016","0"
"0005115","2016","0"
"0005116","2016","0"
"0005117","2016","0"
"0005118","2016","0"
"0005119","2016","0"
"0005122","2016","0"
"0005132","2016","0"
"0005133","2016","0"
"0005137","2016","0"
"0005138","2016","0"
"0005139","2016","0"
"0005142","2016","0"
"0005149","2016","0"
"0005150","2016","0"
"0005151","2016","0"
"0005153","2016","0"
"0005154","2016","0"
"0005206","2016","0"
"0005208","2016","0"
"0005210","2016","0"
"0005211","2016","0"
"0005212","2016","0"
"0005214","2016","0"
"0005216","2016","0"
"0005217","2016","0"
"0005220","2016","0"
"0005222","2016","0"
"0005223","2016","0"
"0005241","2016","0"
"0005243","2016","0"
"0005244","2016","0"
"0005252","2016","0"
"0005253","2016","0"
"0005258","2016","0"
"0005259","2016","0"
"0005261","2016","0"
"0005262","2016","0"
"0005263","2016","0"
"0005266","2016","0"
"0005267","2016","0"
"0005269","2016","0"
"0005270","2016","0"
"0005271","2016","0"
"0005273","2016","0"
"0005279","2016","0"
"0005280","2016","0"
"0005283","2016","0"
"0005285","2016","0"
"0005286","2016","0"
"0005287","2016","0"
"0005289","2016","0"
"0005290","2016","0"
"0005291","2016","0"
"0005293","2016","0"
"0005295","2016","0"
"0005296","2016","0"
"0005298","2016","0"
"0005299","2016","0"
"0005302","2016","0"
"0005303","2016","0"
"0005304","2016","0"
"0005306","2016","0"
"0005308","2016","0"
"0005310","2016","0"
"0005311","2016","0"
"0005312","2016","0"
"0005313","2016","0"
"0005317","2016","0"
"0005326","2016","0"
"0005328","2016","0"
"0005329","2016","0"
"0005330","2016","0"
"0005333","2016","0"
"0005334","2016","0"
"0005336","2016","0"
"0005338","2016","0"
"0005341","2016","0"
"0005342","2016","0"
"0005344","2016","0"
"0005345","2016","0"
"0005346","2016","0"
"0005347","2016","0"
"0005348","2016","0"
"0005349","2016","0"
"0005350","2016","0"
"0005351","2016","0"
"0005352","2016","0"
"0005353","2016","0"
"0005354","2016","0"
"0005355","2016","0"
"0005356","2016","0"
"0005358","2016","0"
"0005359","2016","0"
"0005361","2016","0"
"0005376","2016","0"
"0005377","2016","0"
"0005392","2016","0"
"0005393","2016","0"
"0005396","2016","0"
"0005399","2016","0"
"0005400","2016","0"
"0005405","2016","0"
"0005406","2016","0"
"0005414","2016","0"
"0005416","2016","0"
"0005418","2016","0"
"0005422","2016","0"
"0005445","2016","0"
"0005446","2016","0"
"0005449","2016","0"
"0005452","2016","0"
"0005462","2016","0"
"0005464","2016","0"
"0005465","2016","0"
"0005466","2016","0"
"0005468","2016","0"
"0005469","2016","0"
"0005470","2016","0"
"0005471","2016","0"
"0005472","2016","0"
"0005475","2016","0"
"0005476","2016","0"
"0005477","2016","0"
"0005478","2016","0"
"0005479","2016","0"
"0005481","2016","0"
"0005482","2016","0"
"0005485","2016","0"
"0005488","2016","0"
"0005490","2016","0"
"0005491","2016","0"
"0005492","2016","0"
"0005499","2016","0"
"0005501","2016","0"
"0005503","2016","0"
"0005517","2016","0"
"0005520","2016","0"
"0005521","2016","0"
"0005522","2016","0"
"0005524","2016","0"
"0005525","2016","0"
"0005526","2016","0"
"0005530","2016","0"
"0005531","2016","0"
"0005535","2016","0"
"0005553","2016","0"
"0005591","2016","0"
"0005598","2016","0"
"0005600","2016","0"
"0005607","2016","0"
"0005608","2016","0"
"0005698","2016","0"
"0005699","2016","0"
"0005700","2016","0"
"0005701","2016","0"
"0005703","2016","0"
"0005704","2016","0"
"0005706","2016","0"
"0005707","2016","0"
"0005708","2016","0"
"0005709","2016","0"
"0005710","2016","0"
"0005712","2016","0"
"0005719","2016","0"
"0005720","2016","0"
"0005721","2016","0"
"0005722","2016","0"
"0005727","2016","0"
"0005728","2016","0"
"0005729","2016","0"
"0005737","2016","0"
"0005739","2016","0"
"0005740","2016","0"
"0005741","2016","0"
"0005742","2016","0"
"0005745","2016","0"
"0005746","2016","0"
"0005747","2016","0"
"0005748","2016","0"
"0005749","2016","0"
"0005754","2016","0"
"0005755","2016","0"
"0005764","2016","0"
"0005768","2016","0"
"0005771","2016","0"
"0005774","2016","0"
"0005780","2016","0"
"0005781","2016","0"
"0005783","2016","0"
"0005785","2016","0"
"0005786","2016","0"
"0005787","2016","0"
"0005789","2016","0"
"0005792","2016","0"
"0005793","2016","0"
"0005794","2016","0"
"0005859","2016","0"
"0005862","2016","0"
"0005863","2016","0"
"0005864","2016","0"
"0005865","2016","0"
"0005886","2016","0"
"0005889","2016","0"
"0005890","2016","0"
"0005891","2016","0"
"0005892","2016","0"
"0005893","2016","0"
"0005894","2016","0"
"0005895","2016","0"
"0005896","2016","0"
"0005900","2016","0"
"0005901","2016","0"
"0005913","2016","0"
"0005915","2016","0"
"0005916","2016","0"
"0005917","2016","0"
"0005918","2016","0"
"0005920","2016","0"
"0005928","2016","0"
"0005929","2016","0"
"0005931","2016","0"
"0005932","2016","0"
"0005934","2016","0"
"0005935","2016","0"
"0005940","2016","0"
"0005941","2016","0"
"0005943","2016","0"
"0005981","2016","0"
"0005983","2016","0"
"0005985","2016","0"
"0005986","2016","0"
"0005987","2016","0"
"0005988","2016","0"
"0005989","2016","0"
"0005990","2016","0"
"0005991","2016","0"
"0005993","2016","0"
"0005994","2016","0"
"0005998","2016","0"
"0005999","2016","0"
"0006000","2016","0"
"0006001","2016","0"
"0006003","2016","0"
"0006004","2016","0"
"0006007","2016","0"
"0006008","2016","0"
"0006009","2016","0"
"0006026","2016","0"
"0006027","2016","0"
"0006028","2016","0"
"0006030","2016","0"
"0006032","2016","0"
"0006034","2016","0"
"0006037","2016","0"
"0006038","2016","0"
"0006040","2016","0"
"0006042","2016","0"
"0006049","2016","0"
"0006051","2016","0"
"0006052","2016","0"
"0006061","2016","0"
"0006062","2016","0"
"0006063","2016","0"
"0006076","2016","0"
"0006078","2016","0"
"0006079","2016","0"
"0006080","2016","0"
"0006082","2016","0"
"0006083","2016","0"
"0006084","2016","0"
"0006085","2016","0"
"0006086","2016","0"
"0006087","2016","0"
"0006088","2016","0"
"0006089","2016","0"
"0006092","2016","0"
"0006093","2016","0"
"0006095","2016","0"
"0006097","2016","0"
"0006098","2016","0"
"0006099","2016","0"
"0006100","2016","10"
"0006101","2016","10"
"0006102","2016","10"
"0006103","2016","10"
"0006104","2016","10"
"0006124","2016","0"
"0006125","2016","0"
"0006126","2016","0"
"0006128","2016","0"
"0006129","2016","0"
"0006130","2016","0"
"0006131","2016","0"
"0006132","2016","0"
"0006133","2016","0"
"0006135","2016","0"
"0006137","2016","0"
"0006140","2016","0"
"0006142","2016","0"
"0006143","2016","0"
"0006144","2016","0"
"0006145","2016","0"
"0006147","2016","0"
"0006148","2016","0"
"0006149","2016","0"
"0006150","2016","0"
"0006151","2016","0"
"0006153","2016","0"
"0006154","2016","0"
"0006160","2016","0"
"0006164","2016","0"
"0006165","2016","0"
"0006166","2016","0"
"0006167","2016","0"
"0006168","2016","0"
"0006169","2016","0"
"0006173","2016","0"
"0006178","2016","0"
"0006179","2016","0"
"0006185","2016","0"
"0006188","2016","0"
"0006190","2016","0"
"0006198","2016","0"
"0006200","2016","0"
"0006201","2016","0"
"0006202","2016","0"
"0006204","2016","0"
"0006206","2016","0"
"0006207","2016","0"
"0006208","2016","0"
"0006216","2016","0"
"0006217","2016","0"
"0006219","2016","0"
"0006221","2016","0"
"0006222","2016","0"
"0006231","2016","0"
"0006233","2016","0"
"0006235","2016","0"
"0006236","2016","0"
"0006237","2016","0"
"0006241","2016","0"
"0006242","2016","0"
"0006245","2016","0"
"0006247","2016","0"
"0006249","2016","0"
"0006250","2016","0"
"0006251","2016","0"
"0006252","2016","0"
"0006253","2016","0"
"0006266","2016","10"
"0006276","2016","0"
"0006277","2016","0"
"0006281","2016","0"
"0006283","2016","0"
"0006284","2016","0"
"0006285","2016","0"
"0006287","2016","0"
"0006288","2016","0"
"0006291","2016","0"
"0006292","2016","0"
"0006293","2016","0"
"0006296","2016","0"
"0006306","2016","0"
"0006307","2016","0"
"0006308","2016","0"
"0006317","2016","0"
"0006319","2016","0"
"0006320","2016","0"
"0006323","2016","0"
"0006324","2016","0"
"0006325","2016","0"
"0006329","2016","0"
"0006331","2016","0"
"0006333","2016","0"
"0006336","2016","0"
"0006342","2016","0"
"0006343","2016","0"
"0006345","2016","0"
"0006346","2016","0"
"0006347","2016","0"
"0006352","2016","0"
"0006353","2016","0"
"0006357","2016","0"
"0006358","2016","0"
"0006359","2016","0"
"0006360","2016","0"
"0006361","2016","0"
"0006362","2016","0"
"0006363","2016","0"
"0006364","2016","0"
"0006366","2016","0"
"0006367","2016","0"
"0006368","2016","0"
"0006369","2016","0"
"0006370","2016","0"
"0006371","2016","0"
"0006372","2016","0"
"0006373","2016","0"
"0006377","2016","0"
"0006378","2016","0"
"0006379","2016","10"
"0006382","2016","0"
"0006383","2016","0"
"0006384","2016","10"
"0006385","2016","0"
"0006389","2016","0"
"0006390","2016","0"
"0006391","2016","0"
"0006392","2016","0"
"0006393","2016","0"
"0006394","2016","0"
"0006396","2016","0"
"0006397","2016","0"
"0006398","2016","0"
"0006399","2016","0"
"0006401","2016","0"
"0006402","2016","0"
"0006403","2016","0"
"0006404","2016","0"
"0006405","2016","0"
"0006408","2016","0"
"0006410","2016","0"
"0006411","2016","0"
"0006415","2016","0"
"0006416","2016","0"
"0006418","2016","0"
"0006421","2016","0"
"0006422","2016","0"
"0006424","2016","0"
"0006425","2016","0"
"0006427","2016","0"
"0006429","2016","10"
"0006430","2016","0"
"0006433","2016","0"
"0006434","2016","0"
"0006436","2016","0"
"0006439","2016","0"
"0006440","2016","0"
"0006448","2016","0"
"0006449","2016","0"
"0006450","2016","0"
"0006451","2016","0"
"0006452","2016","0"
"0006453","2016","0"
"0006454","2016","0"
"0006455","2016","0"
"0006458","2016","0"
"0006459","2016","0"
"0006460","2016","0"
"0006461","2016","0"
"0006462","2016","0"
"0006463","2016","0"
"0006465","2016","0"
"0006466","2016","0"
"0006468","2016","0"
"0006470","2016","0"
"0006471","2016","0"
"0006472","2016","0"
"0006478","2016","0"
"0006483","2016","0"
"0006484","2016","0"
"0006488","2016","0"
"0006493","2016","0"
"0006495","2016","0"
"0006496","2016","0"
"0006497","2016","0"
"0006500","2016","0"
"0006502","2016","0"
"0006503","2016","0"
"0006504","2016","0"
"0006505","2016","0"
"0006506","2016","0"
"0006507","2016","0"
"0006509","2016","0"
"0006510","2016","0"
"0006511","2016","0"
"0006512","2016","0"
"0006513","2016","0"
"0006514","2016","0"
"0006516","2016","0"
"0006517","2016","0"
"0006518","2016","0"
"0006519","2016","0"
"0006520","2016","0"
"0006521","2016","0"
"0006522","2016","0"
"0006523","2016","0"
"0006525","2016","0"
"0006526","2016","0"
"0006527","2016","0"
"0006528","2016","0"
"0006529","2016","0"
"0006531","2016","0"
"0006532","2016","0"
"0006533","2016","0"
"0006534","2016","0"
"0006535","2016","0"
"0006538","2016","0"
"0006539","2016","0"
"0006540","2016","0"
"0006541","2016","0"
"0006542","2016","0"
"0006543","2016","0"
"0006545","2016","0"
"0006546","2016","0"
"0006547","2016","0"
"0006549","2016","0"
"0006551","2016","0"
"0006553","2016","10"
"0006554","2016","10"
"0006555","2016","0"
"0006559","2016","0"
"0006560","2016","0"
"0006562","2016","0"
"0006563","2016","0"
"0006564","2016","0"
"0006570","2016","0"
"0006574","2016","0"
"0006575","2016","0"
"0006578","2016","0"
"0006579","2016","0"
"0006580","2016","0"
"0006581","2016","0"
"0006582","2016","0"
"0006650","2016","0"
"0006651","2016","0"
"0006652","2016","0"
"0006653","2016","0"
"0006654","2016","0"
"0006655","2016","0"
"0006656","2016","0"
"0006657","2016","0"
"0006658","2016","0"
"0006660","2016","0"
"0006661","2016","0"
"0006663","2016","0"
"0006664","2016","0"
"0006665","2016","0"
"0006666","2016","0"
"0006667","2016","0"
"0006668","2016","0"
"0006669","2016","0"
"0006671","2016","0"
"0006672","2016","0"
"0006675","2016","0"
"0006678","2016","0"
"0006679","2016","0"
"0006681","2016","0"
"0006682","2016","0"
"0006683","2016","0"
"0006685","2016","0"
"0006686","2016","0"
"0006689","2016","0"
"0006693","2016","0"
"0006694","2016","0"
"0006697","2016","0"
"0006698","2016","0"
"0006699","2016","0"
"0006700","2016","0"
"0006701","2016","0"
"0006712","2016","10"
"0006713","2016","0"
"0006714","2016","0"
"0006715","2016","0"
"0006716","2016","0"
"0006717","2016","0"
"0006718","2016","0"
"0006719","2016","0"
"0006720","2016","0"
"0006721","2016","0"
"0006722","2016","0"
"0006723","2016","0"
"0006724","2016","0"
"0006728","2016","0"
"0006729","2016","0"
"0006730","2016","0"
"0006732","2016","0"
"0006735","2016","0"
"0006736","2016","0"
"0006740","2016","0"
"0006742","2016","0"
"0006747","2016","0"
"0006748","2016","0"
"0006750","2016","0"
"0006753","2016","0"
"0006754","2016","0"
"0006757","2016","0"
"0006758","2016","0"
"0006762","2016","0"
"0006763","2016","0"
"0006764","2016","0"
"0006765","2016","0"
"0006766","2016","0"
"0006770","2016","0"
"0006773","2016","0"
"0006774","2016","0"
"0006777","2016","0"
"0006779","2016","0"
"0006781","2016","0"
"0006782","2016","0"
"0006785","2016","0"
"0006786","2016","0"
"0006787","2016","0"
"0006788","2016","0"
"0006790","2016","0"
"0006793","2016","0"
"0006794","2016","0"
"0006795","2016","0"
"0006796","2016","0"
"0006797","2016","0"
"0006798","2016","0"
"0006799","2016","0"
"0006800","2016","0"
"0006801","2016","0"
"0006802","2016","0"
"0006803","2016","0"
"0006805","2016","0"
"0006806","2016","0"
"0006807","2016","0"
"0006810","2016","0"
"0006811","2016","0"
"0006812","2016","0"
"0006814","2016","0"
"0006815","2016","0"
"0006816","2016","0"
"0006817","2016","0"
"0006820","2016","0"
"0006821","2016","0"
"0006822","2016","0"
"0006823","2016","0"
"0006825","2016","0"
"0006826","2016","0"
"0006827","2016","0"
"0006828","2016","0"
"0006830","2016","0"
"0006831","2016","0"
"0006832","2016","0"
"0006835","2016","0"
"0006836","2016","0"
"0006837","2016","0"
"0006838","2016","0"
"0006846","2016","0"
"0006847","2016","0"
"0006848","2016","0"
"0006849","2016","0"
"0006852","2016","0"
"0006853","2016","0"
"0006854","2016","0"
"0006855","2016","0"
"0006857","2016","0"
"0006858","2016","0"
"0006859","2016","0"
"0006860","2016","0"
"0006862","2016","0"
"0006863","2016","0"
"0006864","2016","0"
"0006866","2016","0"
"0006867","2016","0"
"0006868","2016","0"
"0006869","2016","0"
"0006870","2016","0"
"0006871","2016","0"
"0006872","2016","0"
"0006874","2016","0"
"0006875","2016","0"
"0006876","2016","0"
"0006877","2016","0"
"0006881","2016","0"
"0006882","2016","0"
"0006883","2016","0"
"0006884","2016","0"
"0006886","2016","0"
"0006891","2016","0"
"0006892","2016","0"
"0006893","2016","0"
"0006896","2016","0"
"0006897","2016","0"
"0006899","2016","0"
"0006901","2016","0"
"0006903","2016","0"
"0006904","2016","0"
"0006905","2016","0"
"0006906","2016","0"
"0006907","2016","0"
"0006908","2016","0"
"0006929","2016","0"
"0006930","2016","0"
"0006931","2016","0"
"0006932","2016","0"
"0006934","2016","0"
"0006935","2016","0"
"0006952","2016","0"
"0006953","2016","0"
"0006954","2016","0"
"0006956","2016","0"
"0006958","2016","0"
"0006959","2016","0"
"0006960","2016","0"
"0006961","2016","0"
"0006962","2016","0"
"0006965","2016","0"
"0006966","2016","0"
"0006968","2016","0"
"0006969","2016","0"
"0006970","2016","0"
"0006971","2016","0"
"0006972","2016","0"
"0006976","2016","0"
"0006977","2016","0"
"0006982","2016","0"
"0006983","2016","0"
"0006986","2016","0"
"0006990","2016","0"
"0006995","2016","0"
"0006996","2016","0"
"0006997","2016","0"
"0006999","2016","0"
"0007002","2016","0"
"0007004","2016","8"
"0007005","2016","10"
"0007006","2016","10"
"0007007","2016","10"
"0007008","2016","10"
"0007009","2016","10"
"0007010","2016","10"
"0007011","2016","10"
"0007012","2016","10"
"0007013","2016","10"
"0007014","2016","10"
"0007015","2016","10"
"0007018","2016","0"
"0007020","2016","0"
"0007023","2016","0"
"0007024","2016","0"
"0007026","2016","0"
"0007028","2016","0"
"0007029","2016","0"
"0007033","2016","0"
"0007034","2016","0"
"0007035","2016","0"
"0007036","2016","0"
"0007037","2016","0"
"0007038","2016","0"
"0007039","2016","0"
"0007040","2016","0"
"0007041","2016","0"
"0007042","2016","0"
"0007043","2016","0"
"0007044","2016","0"
"0007045","2016","0"
"0007046","2016","0"
"0007048","2016","0"
"0007049","2016","0"
"0007050","2016","0"
"0007052","2016","0"
"0007053","2016","0"
"0007054","2016","0"
"0007055","2016","0"
"0007057","2016","0"
"0007058","2016","0"
"0007059","2016","0"
"0007060","2016","0"
"0007061","2016","0"
"0007062","2016","0"
"0007063","2016","0"
"0007064","2016","0"
"0007065","2016","0"
"0007066","2016","0"
"0007067","2016","0"
"0007068","2016","0"
"0007069","2016","0"
"0007070","2016","0"
"0007075","2016","0"
"0007077","2016","0"
"0007080","2016","0"
"0007082","2016","0"
"0007083","2016","0"
"0007084","2016","0"
"0007085","2016","0"
"0007086","2016","0"
"0007087","2016","0"
"0007091","2016","0"
"0007130","2016","0"
"0007131","2016","0"
"0007134","2016","0"
"0007135","2016","0"
"0007142","2016","0"
"0007143","2016","0"
"0007145","2016","0"
"0007152","2016","0"
"0007153","2016","0"
"0007156","2016","0"
"0007180","2016","10"
"0007191","2016","0"
"0007192","2016","0"
"0007193","2016","0"
"0007194","2016","0"
"0007195","2016","0"
"0007196","2016","0"
"0007197","2016","0"
"0007204","2016","0"
"0007209","2016","0"
"0007210","2016","0"
"0007214","2016","0"
"0007215","2016","0"
"0007216","2016","0"
"0007217","2016","0"
"0007220","2016","0"
"0007224","2016","0"
"0007225","2016","0"
"0007226","2016","0"
"0007227","2016","0"
"0007228","2016","0"
"0007233","2016","0"
"0007234","2016","0"
"0007235","2016","0"
"0007236","2016","0"
"0007238","2016","0"
"0007239","2016","0"
"0007240","2016","0"
"0007241","2016","0"
"0007242","2016","0"
"0007246","2016","0"
"0007249","2016","0"
"0007250","2016","0"
"0007251","2016","0"
"0007254","2016","0"
"0007266","2016","0"
"0007269","2016","0"
"0007270","2016","0"
"0007271","2016","0"
"0007272","2016","0"
"0007273","2016","0"
"0007274","2016","0"
"0007275","2016","0"
"0007276","2016","0"
"0007277","2016","0"
"0007279","2016","0"
"0007281","2016","0"
"0007282","2016","0"
"0007287","2016","0"
"0007288","2016","0"
"0007289","2016","0"
"0007290","2016","0"
"0007291","2016","0"
"0007293","2016","0"
"0007295","2016","0"
"0007296","2016","0"
"0007297","2016","0"
"0007298","2016","0"
"0007299","2016","0"
"0007301","2016","0"
"0007303","2016","0"
"0007304","2016","0"
"0007305","2016","0"
"0007306","2016","0"
"0007310","2016","0"
"0007315","2016","0"
"0007318","2016","0"
"0007319","2016","10"
"0007320","2016","10"
"0007326","2016","0"
"0007330","2016","0"
"0007331","2016","0"
"0007332","2016","0"
"0007334","2016","0"
"0007335","2016","0"
"0007336","2016","0"
"0007338","2016","0"
"0007341","2016","0"
"0007342","2016","0"
"0007343","2016","0"
"0007345","2016","0"
"0007351","2016","0"
"0007353","2016","10"
"0007356","2016","0"
"0007357","2016","0"
"0007358","2016","0"
"0007359","2016","0"
"0007360","2016","0"
"0007361","2016","0"
"0007364","2016","0"
"0007365","2016","0"
"0007366","2016","0"
"0007367","2016","0"
"0007370","2016","0"
"0007371","2016","0"
"0007372","2016","0"
"0007373","2016","0"
"0007374","2016","0"
"0007375","2016","0"
"0007376","2016","0"
"0007377","2016","0"
"0007379","2016","0"
"0007380","2016","0"
"0007388","2016","0"
"0007389","2016","0"
"0007390","2016","0"
"0007391","2016","0"
"0007392","2016","0"
"0007393","2016","0"
"0007394","2016","0"
"0007396","2016","0"
"0007398","2016","0"
"0007400","2016","0"
"0007401","2016","0"
"0007402","2016","0"
"0007403","2016","0"
"0007404","2016","0"
"0007414","2016","-3"
"0007419","2016","0"
"0007420","2016","0"
"0007422","2016","0"
"0007423","2016","0"
"0007424","2016","0"
"0007426","2016","0"
"0007428","2016","0"
"0007432","2016","0"
"0007433","2016","0"
"0007434","2016","0"
"0007436","2016","0"
"0007438","2016","0"
"0007440","2016","0"
"0007445","2016","0"
"0007446","2016","0"
"0007447","2016","0"
"0007448","2016","0"
"0007449","2016","0"
"0007450","2016","0"
"0007451","2016","0"
"0007452","2016","0"
"0007453","2016","0"
"0007454","2016","0"
"0007455","2016","0"
"0007456","2016","0"
"0007457","2016","0"
"0007458","2016","0"
"0007459","2016","0"
"0007460","2016","0"
"0007461","2016","0"
"0007462","2016","0"
"0007463","2016","0"
"0007464","2016","0"
"0007465","2016","0"
"0007466","2016","0"
"0007470","2016","0"
"0007471","2016","0"
"0007472","2016","0"
"0007473","2016","0"
"0007474","2016","0"
"0007475","2016","0"
"0007476","2016","0"
"0007477","2016","0"
"0007478","2016","0"
"0007481","2016","0"
"0007483","2016","0"
"0007484","2016","0"
"0007485","2016","0"
"0007486","2016","0"
"0007487","2016","0"
"0007488","2016","0"
"0007489","2016","0"
"0007496","2016","0"
"0007497","2016","0"
"0007498","2016","0"
"0007499","2016","0"
"0007500","2016","0"
"0007501","2016","0"
"0007502","2016","0"
"0007503","2016","0"
"0007504","2016","0"
"0007505","2016","0"
"0007506","2016","0"
"0007507","2016","0"
"0007508","2016","0"
"0007509","2016","0"
"0007510","2016","0"
"0007511","2016","0"
"0007512","2016","0"
"0007513","2016","0"
"0007514","2016","0"
"0007515","2016","0"
"0007516","2016","0"
"0007517","2016","0"
"0007518","2016","0"
"0007519","2016","0"
"0007520","2016","0"
"0007521","2016","0"
"0007522","2016","0"
"0007527","2016","0"
"0007528","2016","0"
"0007529","2016","0"
"0007530","2016","0"
"0007531","2016","0"
"0007532","2016","0"
"0007533","2016","0"
"0007534","2016","0"
"0007535","2016","0"
"0007536","2016","0"
"0007537","2016","0"
"0007538","2016","0"
"0007539","2016","0"
"0007540","2016","0"
"0007541","2016","0"
"0007542","2016","0"
"0007543","2016","0"
"0007544","2016","0"
"0007545","2016","0"
"0007546","2016","0"
"0007547","2016","0"
"0007548","2016","0"
"0007549","2016","0"
"0007550","2016","0"
"0007551","2016","0"
"0007552","2016","0"
"0007553","2016","0"
"0007554","2016","0"
"0007555","2016","0"
"0007556","2016","0"
"0007557","2016","0"
"0007558","2016","0"
"0007559","2016","0"
"0007564","2016","0"
"0007565","2016","0"
"0007566","2016","0"
"0007568","2016","0"
"0007569","2016","0"
"0007570","2016","0"
"0007571","2016","0"
"0007573","2016","0"
"0007574","2016","0"
"0007575","2016","0"
"0007577","2016","0"
"0007578","2016","0"
"0007580","2016","0"
"0007581","2016","0"
"0007582","2016","0"
"0007583","2016","0"
"0007584","2016","0"
"0007590","2016","0"
"0007591","2016","0"
"0007596","2016","0"
"0007597","2016","0"
"0007598","2016","0"
"0007599","2016","0"
"0007600","2016","0"
"0007601","2016","0"
"0007602","2016","0"
"0007603","2016","0"
"0007604","2016","0"
"0007606","2016","0"
"0007607","2016","0"
"0007608","2016","0"
"0007609","2016","0"
"0007611","2016","0"
"0007612","2016","0"
"0007613","2016","0"
"0007614","2016","0"
"0007615","2016","0"
"0007616","2016","0"
"0007621","2016","0"
"0007624","2016","0"
"0007625","2016","0"
"0007626","2016","0"
"0007627","2016","0"
"0007628","2016","0"
"0007629","2016","0"
"0007630","2016","0"
"0007632","2016","0"
"0007633","2016","0"
"0007634","2016","0"
"0007635","2016","0"
"0007636","2016","0"
"0007637","2016","0"
"0007638","2016","0"
"0007639","2016","0"
"0007640","2016","0"
"0007641","2016","0"
"0007642","2016","0"
"0007645","2016","0"
"0007646","2016","0"
"0007647","2016","0"
"0007648","2016","0"
"0007650","2016","0"
"0007651","2016","0"
"0007652","2016","0"
"0007653","2016","0"
"0007654","2016","0"
"0007655","2016","0"
"0007656","2016","0"
"0007657","2016","0"
"0007658","2016","0"
"0007659","2016","0"
"0007660","2016","0"
"0007661","2016","0"
"0007662","2016","0"
"0007663","2016","0"
"0007664","2016","0"
"0007665","2016","0"
"0007666","2016","0"
"0007667","2016","0"
"0007668","2016","0"
"0007669","2016","0"
"0007670","2016","0"
"0007671","2016","0"
"0007672","2016","0"
"0007673","2016","0"
"0007674","2016","0"
"0007675","2016","0"
"0007676","2016","0"
"0007677","2016","0"
"0007678","2016","0"
"0007679","2016","0"
"0007681","2016","0"
"0007682","2016","0"
"0007683","2016","0"
"0007685","2016","0"
"0007686","2016","0"
"0007687","2016","0"
"0007688","2016","0"
"0007689","2016","0"
"0007690","2016","0"
"0007691","2016","0"
"0007692","2016","0"
"0007693","2016","0"
"0007694","2016","0"
"0007695","2016","0"
"0007696","2016","0"
"0007697","2016","0"
"0007699","2016","0"
"0007700","2016","0"
"0007702","2016","0"
"0007703","2016","0"
"0007707","2016","0"
"0007708","2016","0"
"0007709","2016","0"
"0007710","2016","0"
"0007712","2016","0"
"0007713","2016","0"
"0007714","2016","0"
"0007715","2016","0"
"0007716","2016","0"
"0007717","2016","0"
"0007718","2016","0"
"0007719","2016","0"
"0007720","2016","0"
"0007721","2016","0"
"0007722","2016","0"
"0007723","2016","0"
"0007725","2016","0"
"0007726","2016","0"
"0007727","2016","0"
"0007728","2016","0"
"0007729","2016","0"
"0007730","2016","0"
"0007731","2016","0"
"0007732","2016","0"
"0007733","2016","0"
"0007734","2016","0"
"0007735","2016","0"
"0007736","2016","0"
"0007737","2016","0"
"0007738","2016","0"
"0007739","2016","0"
"0007740","2016","0"
"0007759","2016","0"
"0007760","2016","0"
"0007761","2016","0"
"0007762","2016","0"
"0007763","2016","0"
"0007764","2016","0"
"0007765","2016","0"
"0007766","2016","0"
"0007767","2016","0"
"0007768","2016","0"
"0007769","2016","0"
"0007770","2016","0"
"0007771","2016","0"
"0007773","2016","0"
"0007774","2016","0"
"0007775","2016","0"
"0007776","2016","0"
"0007777","2016","0"
"0007778","2016","0"
"0007779","2016","0"
"0007780","2016","0"
"0007781","2016","0"
"0007782","2016","0"
"0007783","2016","0"
"0007784","2016","0"
"0007785","2016","0"
"0007787","2016","5"
"0007788","2016","0"
"0007789","2016","0"
"0007790","2016","7"
"0007791","2016","-4"
"0007792","2016","10"
"0007793","2016","3"
"0007794","2016","1"
"0007795","2016","0"
"0007796","2016","2"
"0007797","2016","10"
"0007798","2016","0"
"0007799","2016","0"
"0007801","2016","0"
"0007806","2016","0"
"0007807","2016","0"
"0007808","2016","0"
"0007809","2016","0"
"0007810","2016","0"
"0007811","2016","0"
"0007812","2016","0"
"0007813","2016","0"
"0007814","2016","0"
"0007815","2016","0"
"0007816","2016","0"
"0007817","2016","0"
"0007958","2016","10"
"0007959","2016","10"
"0007971","2016","10"
"0007972","2016","10"
"0007973","2016","10"
"0007974","2016","10"
